iter	MultiClass
0	3.241263808
1	3.101116777
